soc_id,glottocode,society,lat,lon
Aa1,juho1239,!Kung,-20,21
Ab1,here1253,Herero,-21,16
Ad31,duru1249,Duruma,-4,39
Ad32,giry1241,Giriama,-3,40
Ad33,poko1261,Pokomo,-1,40
Na3,copp1244,Copper Inuit,69,-110
Na22,west2618,Iglulik Inuit,70,-82
Na1,uppe1437,Nabesna,63,-141
Na10,chug1254,Chugach,60.72,-146.49
Na11,cent2128,Sivokakmeit,63.34,-170.3
Na12,nort2944,Nunamiut,68,-152
Ad34,kamb1297,Kamba,-2,38
Na13,baff1240,Baffin Island Inuit,65.24,-64.63
Na14,pola1254,Inughuit (Northern Greenland),78,-70
Na15,dogr1252,Tlicho,63,-117
Na16,nort2942,Délįne,65,-119
Na17,sout2959,DeneTha,61,-120
Na19,carr1249,Dakelh,54,-124
Na2,nort2944,Tareumiut,71,-157
Na20,gwic1235,Kutchin,66,-135
Na21,cari1277,Caribou Inuit,63,-96
Na23,labr1244,Labrador Inuit,58,-65
Ad35,meru1245,Meru,0,35
Na24,tunu1234,Tasiilaq,66,-37
Na25,kala1399,Kalaallit (West Greenland),68.66,-51.22
Na26,tana1289,Dena'ina,62,-144
Na27,tahl1239,Tahltan,58,-131
Na28,seka1250,Sekani,56,-123
Na29,beav1236,Beaver,58,-117
Na30,chip1261,Dene,60,-105
Na31,sout2978,Eastern Cree,51,-85
Na32,mont1268,Montagnais,48,-72
Na33,alba1270,Northern Saulteaux,52,-98
Ad36,asut1235,Pare,-4,38
Na34,lacs1238,Pekangekum,52,-94
Na35,cent2136,Nipigon,50,-88
Na36,redl1238,Minnesota Ojibwa,49,-96
Na37,rain1239,Rainy River Ojibwe,49,-92
Na38,uppe1274,Katikitegon,46,-92
Na39,east2542,Eastern Ojibwa,46,-85
Na4,kask1239,Kaska,59,-128
Na40,otta1242,Ottawa,46,-82
Na41,mikm1235,Mi'kmaq,47,-65
Na42,pota1247,Potawatomi,44,-85
Ad37,tait1250,Teita,-4,39
Na43,nets1241,Netsilik,69,-96
Na44,queb1248,Taqagmiut,62,-76
Na45,sout2978,Mistissini Cree,51.75,-72.66
Na5,nask1242,Naskapi,58,-70
Na6,kusk1241,Nunivak,60,-166
Na7,swam1239,Attawapiskat Cree,53,-83
Na8,dege1248,Deg Xit'an,62,-160
Na9,east2533,Aleut,53.86,-166.79
Nb1,nort2938,Haida,54,-132
Nb10,sout2958,Alkatcho,53,-126
Ad38,kara1481,Kara,-2,33
Nb11,nuuc1236,Nuu chah nulth,49.16,-125.85
Nb12,slia1241,Klahoose,51,-125
Nb13,squa1248,Squamish,50,-123
Nb14,isla1276,Comox,49.72,-124.97
Nb15,lumm1243,Lummi,48.84,-123.27
Nb16,clal1241,Klallam,48,-123
Nb17,sout2965,Puyallup,47,-122
Nb18,quil1240,Quileute,47.91,-124.59
Nb19,chin1286,Lower Chinook,45.99,-123.77
Nb2,twan1247,Twana,48,-123
Ad39,temi1247,Sonjo,-3,36
Nb20,till1254,Tillamook,44.75,-123.72
Nb21,coos1249,Coos,43,-124
Nb22,tlin1245,Tlingit,58.12,-133.92
Nb23,bell1263,Heiltsuk,52,-128
Nb24,maka1318,Makah,48.33,-124.62
Nb25,quin1251,Quinault,47.42,-124.16
Nb26,cowi1241,Cowichan,49.01,-122.73
Nb27,chil1281,Stó:lō,49,-122
Nb28,alse1251,Alsea,44,-124
Nb29,sius1254,Siuslaw,44,-124
Ad4,kiku1240,Kikuyu,-1,37
Nb3,kwak1269,Kwakwaka'wakw,51,-127.49
Nb30,take1257,Takelma,42,-123
Nb31,tutu1242,Tututni,42,-124
Nb32,shas1239,Shasta,41,-122
Nb33,chim1301,Chimariko,41,-123
Nb34,karo1304,Karuk,42,-123
Nb35,hupa1239,Hupa,41,-123
Nb36,wiyo1248,Wiyot,39.81,-123.55
Nb37,wail1244,Lassik,40,-123
Nb38,matt1238,Mattole-Bear River,40.35,-123.47
Ab10,mpon1252,Pondo,-31,30
Ad40,idak1243,Tiriki,0,35
Nb39,wail1244,Sinkyone,39.73,-123.6
Nb4,yuro1248,Yurok,41,-124
Nb5,eyak1241,Eyak,60.34,-144.85
Nb6,tolo1259,Tolowa,42,-124
Nb7,nucl1649,Tsimshian,54.64,-130.25
Nb8,hais1244,Haisla,54,-129
Nb9,bell1243,Nuxalk,52,-127
Nc1,noml1242,Nomlaki,39,-122
Nc10,achu1247,Achumawi,41,-121
Nc11,yana1271,Yana,41,-122
Ad41,buku1249,Vugusu,1,35
Nc12,nort2952,Maidu,40,-121
Nc13,nise1244,Nisenan,39,-121
Nc14,nucl1651,Wintu,41,-122
Nc15,yuki1243,Coast Yuki,39.34,-123.77
Nc16,yuki1243,Huchnom,39,-123
Nc17,nort2966,Northern Pomo,39,-123
Nc18,east2545,Eastern Pomo,39,-123
Nc19,sout2984,Southern Pomo,38.55,-122.94
Nc2,tuba1278,Tübalulabal,39,-118
Nc20,wapp1239,Wappo,38.22,-122.56
Ad42,haya1250,Haya,-1,32
Nc21,lake1258,Lake Miwok,38.75,-123.2
Nc22,patw1250,Patwin,39,-122
Nc23,mono1275,Western Mono,37,-119
Nc24,vall1251,Southern Valley Yokuts,36,-120
Nc25,tule1245,Wukchumni,36,-119
Nc26,sali1253,Salinan,36,-121
Nc27,kawa1283,Kawaiisu,35,-118
Nc28,cruz1243,Chumash,34.44,-119.71
Nc29,tong1329,Tongva,34,-118
Nc3,nort2937,Northern Foothill Yokuts,36,-120
Ad43,kere1283,Kerewe,-3,33
Nc30,serr1255,Serrano,34,-117
Nc31,cahu1264,Cahuilla (Desert),33,-116
Nc32,cupe1243,Cupeño,33,-117
Nc33,luis1253,Luiseño,33,-117
Nc34,kili1268,Kiliwa,31,-115
Nc4,atsu1245,Atsugewi,41,-121
Nc5,cent2140,Central Sierra Miwok,38,-120
Nc6,kumi1248,Kumeyaay,32,-116
Nc7,yuki1243,Yuki,40,-123
Nc8,klam1254,Klamath,43,-122
Ad44,konz1239,Konjo,-1,30
Nc9,klam1254,Modoc,42,-122
Nd1,teni1238,Tenino,45,-121
Nd10,thom1243,Nlaka'pamux,50,-122
Nd11,shus1248,Shuswap,51,-120
Nd12,kali1309,Bitterroot Salish,46,-113
Nd13,kali1309,Kalispel,49,-117
Nd14,coeu1236,Coeur d’Alene,48,-117
Nd15,sout2963,Sinkaitk,49,-120
Nd16,wena1241,Wenatchi,48,-121
Nd17,nucl1237,Klikitat,46,-122
Ad45,nyan1307,Nyankole,0,31
Nd18,wasc1239,Wishram,46,-121
Nd19,umat1237,Umatilla,46,-119
Nd2,utee1244,Southern Ute,38,-109
Nd20,nezp1238,Nez Perce,45,-115
Nd21,nort1551,Tagotoka,43,-117
Nd22,nort1551,Wadadokado,43,-119
Nd23,nort1551,Atsakudokwa,42,-118
Nd24,nort1551,Kidutokado,42,-120
Nd25,nort1551,Sawakudokwa,41,-118
Ad46,soga1242,Soga,1,33
Nd27,sout2967,Kuyuidokado,40,-119
Nd28,sout2967,Toedokado,40,-118
Nd29,mono1275,Tunava (Deep Springs and Fish Lake),37,-118
Nd3,hava1249,Havasupai,36,-112
Nd30,mono1275,Eastern Mono,37,-118
Nd31,pana1305,Koso,36,-118
Nd32,pana1305,Tümpisa Shoshone (Saline and Panamint),36,-117
Nd33,pana1305,Beatty,37,-116
Nd34,west2622,Lida Shoshoni,37,-117
Nd35,west2622,Mahaguaduka,39,-117
Ad47,sumb1240,Sumbwa,-4,32
Nd36,west2622,Wiyambituka,39,-117
Nd37,west2622,Railroad Valley Shoshoni,39,-116
Nd38,west2622,Ely Shoshoni,39,-115
Nd4,sanp1257,Sanpoil,48,-119
Nd40,west2622,Tubaduka,40,-113
Nd41,west2622,Wadaduka,41,-116
Nd42,west2622,Elko Shoshoni,41,-116
Nd43,west2622,White Knife Shoshoni,41,-117
Nd44,west2622,Yahanduka,42,-115
Ad48,toor1238,Toro,1,31
Nd45,nort2955,Bohogue,43,-112
Nd47,nort2955,Tukudika,44,-111
Nd46,nort2955,Agaiduka,44,-112
Nd48,gosi1242,Gosiute,40,-114
Nd49,utee1244,Antarianunts,37,-110
Nd5,nort2955,Hukundika,42,-112
Nd50,utee1244,Panguitch,38,-112
Nd51,sout2969,Moapa,36,-115
Nd52,sout2969,Shivwits,36,-117
Nd53,sout2969,Southern Paiute (Kaibab),36,-113
Nd55,sout2969,Southern Paiute (Las Vegas),36,-115
Ad49,zinz1238,Zinza,-3,31
Nd54,chem1251,Chemehuevi,35,-115
Nd56,sout2969,San Juan,36,-111
Nd57,utee1244,Pahvant,39,-113
Nd58,utee1244,Uintah Ute,40,-112
Nd59,utee1244,Moanunts,39,-112
Nd6,wash1253,Washo,39,-120
Nd60,utee1244,Moache,37,-105
Nd61,utee1244,Taviwatsiu,40,-105
Nd62,utee1244,Uncompahgre Ute,39,-107
Ab11,xesi1238,Xhosa,-32.89,27.91
Ad5,mbug1242,Mbugwe,-4,36
Nd63,bann1248,Bannock,43,-112
Nd64,nort2955,Wind River Eastern Shoshone,43,-109
Nd65,wala1270,Hualapai,36,-114
Nd66,yava1252,Yavapai,35,-112
Nd67,yava1252,Tolkepaya,34,-114
Nd7,kute1249,Kutenai,50,-117
Nd8,chil1280,Chilcotin,52,-122
Nd9,lill1248,Lillooet,50.02,-124.78
Ne1,gros1243,Gros Ventre,48.78,-108.98
Ne10,arik1262,Arikara,46,-101
Ad50,kagu1239,Kaguru,-6,37
Ne11,assi1247,Assiniboine,48,-106
Ne12,pieg1239,Blackfoot,51,-112
Ne13,bloo1239,Kainai,51,-115
Ne14,west1510,Bungi,51,-100
Ne15,hida1246,Hidatsa,47,-101
Ne16,kara1289,Karankawa,29,-96
Ne17,kiow1266,Kiowa,36,-99
Ne18,pieg1239,Piegan,49,-115
Ne19,plai1258,Plains Cree,45,-94
Ne2,kiow1264,Kiowa Apache,36,-99
Ad51,ngul1246,Ngulu,-6,38
Ne20,dako1258,Santee,45,-94
Ne21,coah1252,Coahuilteco,29,-99
Ne3,coma1245,Comanche,33,-100
Ne4,crow1244,Crow,45,-108
Ne5,chey1247,Cheyenne,39,-104
Ne6,mand1446,Mandan,47,-101
Ne7,sars1236,Sarcee,54,-110
Ne8,lako1247,Teton,43,-103
Ne9,arap1274,Arapaho,40,-103
Ad6,nyak1261,Nyakyusa,-9,34
Nf10,iowa1246,Iowa,41,-95
Nf11,otoo1241,Otoe,40,-95
Nf12,ponc1241,Ponca,43,-99
Nf13,shaw1249,Shawnee,37,-85
Nf14,cadd1256,Caddo,33,-93
Nf15,kick1244,Kickapoo,43,-90
Nf2,hoch1243,Ho Chunk,44,-88
Nf3,omah1248,Omaha,41,-96
Nf4,miam1252,Myaamia,40,-86
Nf5,wich1260,Wichita,34,-98
Ad7,gand1255,Ganda,1,32
Nf6,pawn1254,Pawnee,42,-100
Nf7,mesk1242,Fox,45,-95
Nf8,cadd1256,Hasinai,31,-95
Nf9,meno1252,Menominee,46,-88
Ng1,wyan1247,Huron,44,-78
Ng10,sene1264,Seneca,43,-77
Ng11,yuch1247,Yuchi,35,-86
Ng12,choc1276,Choctaw,33,-88
Ng13,peno1243,Abenaki,46,-70
Ng14,chic1270,Chickasaw,35,-85
Ad8,hehe1240,Hehe,-8,35
Ng15,chit1248,Chitimacha,30,-90
Ng2,mika1239,Seminole,27,-81
Ng3,cree1270,Muscogee,33,-84
Ng4,peno1243,Penobscot,45,-68
Ng5,cher1273,Cherokee,36,-83
Ng6,unam1242,Delaware,41,-75
Ng7,natc1249,Natchez,32,-91
Ng8,timu1245,Timucua,27,-82
Ng9,cata1286,Catawba,35,-80
Nh1,mesc1238,Chiricahua,31,-108
Ad9,masa1299,Gisu,1,34
Nh10,sout2961,Isleta,35,-107
Nh11,sani1273,San Ildefonso,36,-106
Nh12,sant1426,Santa Ana,35,-107
Nh13,acom1246,Acoma,35,-108
Nh14,acom1246,Laguna,35,-107
Nh15,mesc1238,Mescalero,33,-103
Nh16,jica1244,Jicarilla,36,-104
Nh17,west2615,Western Apache,34,-110
Nh18,hopi1249,Hopi,36,-111
Nh19,coco1261,Cocopa,32,-115
Ae1,amba1263,Amba,1,30
Nh2,ariz1237,Hano,36,-111
Nh20,kumi1248,Kamia,33,-115
Nh21,moha1256,Mojave,35,-114
Nh22,quec1382,Quechan,33,-114
Nh23,yava1252,Kewyipaya,34,-111
Nh24,lipa1241,Lipan Apache,30,-100
Nh25,ziaa1251,Sia,36,-107
Nh26,sant1421,Santa Clara,36,-106
Nh27,sant1425,Kewa,36,-105
Nh3,nava1243,Navajo,37,-110
Ae10,kiny1244,Banyaruanda,-2,30
Nh4,zuni1245,Zuni,35,-109
Nh5,mari1440,Maricopa,33,-113
Nh6,taos1236,Taos,37,-106
Nh7,coch1273,Cochiti,36,-106
Nh8,jeme1245,Jemez,36,-107
Nh9,picu1248,Picuris,36,-106
Ni1,cent2131,Tarahumara,28,-107
Ni2,toho1246,Tohono O'odham,31,-112
Ni3,huic1243,Huichol,23,-104
Ni4,seri1257,Seri,29,-112
Ae11,song1300,Songola,-4,26
Ni5,chic1272,Chichimeca,22,-100
Ni6,akim1239,Pima,31,-111
Ni7,yaqu1251,Yaqui,28,-110
Ni8,opat1246,Opata,30,-110
Ni9,nort2959,Tepehuán,27,-107
Nj1,ojit1237,Chinantec,18,-96
Nj10,yala1267,Zapotec,17,-96
Nj11,huas1242,Huastec,22,-99
Nj12,juxt1235,Mixtec,18,-98
Nj13,mezq1235,Otomí,20,-99
Ab12,zulu1248,Zulu,-29,31
Ae12,dual1243,Duala,4,10
Nj14,high1242,Tequistlatec,16,-96
Nj2,clas1250,Aztec,19,-99
Nj3,high1276,Sierra Popoluca,18,-95
Nj4,papa1238,Totonac,20,-97
Nj5,huau1238,Mazateco,18,-97
Nj6,sanm1287,Huave,16.22,-95.02
Nj7,isth1238,Mixe,17,-95
Nj8,pure1242,Tarasco,19,-101
Nj9,cent2132,Tlaxcalans,19,-98
Sa1,bord1248,Guna,9,-78
Ae13,shii1238,Bashi,-2,29
Sa10,laca1243,Lacandon,17,-92
Sa11,kaqc1270,Kaqchikel,14,-91
Sa12,lenc1242,Lenca,14,-88
Sa13,kich1262,K'iche',15,-91
Sa14,ngab1239,Ngäbe,8,-81
Sa15,popt1235,Jakaltek,14,-90
Sa16,toll1241,Tolupan,15,-87
Sa17,poqo1253,Poqomam,15,-91
Sa2,tzel1254,Tzeltal,17,-92
Sa3,chor1273,Ch'orti',14,-89
Ae14,haaa1252,Ha,-5,30
Sa4,nort2972,Emberá,8,-78
Sa5,brib1243,Bribri,9,-83
Sa6,yuca1254,Yucatec Maya,18,-90
Sa7,gari1256,Garifuna,16,-89
Sa8,mamm1241,Mam,15,-92
Sa9,misk1235,Miskito,13,-85
Sb1,isla1278,Callinago,15.41,-61.27
Sb2,cogu1240,Cágaba,11,-74
Sb3,yukp1241,Barí (Motilon),9,-72
Sb4,taba1267,Cariña,9,-64
Ae15,hund1239,Hunde,-2,28
Sb5,para1316,Paraujano,11,-72
Sb6,wayu1243,Wayuu,12,-72
Sb7,yukp1241,Yupa,9,-72
Sb8,tain1254,Taíno,19.94,-75.37
Sb9,hait1244,Haitians,18.41,-72.17
Sc1,wara1303,Warao,9,-62
Sc10,araw1276,Lokono,5.95,-56.98
Sc11,cama1252,Camaracoto,6,-63
Sc12,macu1259,Macushi,4,-59
Sc13,enap1235,Panare,6,-66
Ae16,luba1249,Lulua,-6,23
Sc14,waya1269,Rucuyen,3,-55
Sc15,taul1252,Taulípang,4,-62
Sc16,maqu1238,Ye'kuana,3,-65
Sc17,piap1246,Piapoco,6,-68
Sc18,ndyu1242,Ndyuka,5,-54
Sc2,pume1238,Pumé,7,-68
Sc3,mura1272,Barama River Carib,5,-59
Sc4,guah1255,Guahibo,5,-69
Sc5,wapi1253,Wapishana,3,-60
Sc6,sara1340,Saramaccan,4,-56
Ae17,lega1249,Rega,-3,28
Sc7,yaba1248,Yabarana,5,-66
Sc8,piar1243,Piaroa,5,-67
Sc9,curr1243,Curripaco,5,-67
Sd1,mund1330,Munduruku,-6,-58
Sd2,tapi1254,Tapirapé,-11,-52
Sd3,pali1279,Palikur,3,-52
Sd4,yano1262,Guaica,2,-65
Sd5,sate1243,Sateré Mawé,-4,-57
Sd6,nina1238,Shiriana,4,-63
Sd7,waiw1244,Wai-wai,1,-59
Ae18,song1303,Songye,-6,25
Sd8,sanu1240,Sanema,4,-66
Sd9,yano1261,Yanomami,2,-65
Se1,siri1273,Sirionó,-16,-64
Se10,coca1259,Cocama,1,-79
Se11,chac1251,Chácobo,-12,-67
Se12,tuca1252,Tucano,0,-70
Se2,ticu1245,Ticuna,-3,-70
Se3,shua1257,Shuar,-3,-78
Se4,yagu1244,Yagua,-3,-72
Se5,cube1242,Cubeo,1,-71
Ae19,sang1331,Garanganze,-11,28
Se6,muru1274,Witoto,-1,-74
Se7,chiq1248,Camba,-18,-63
Se8,amah1246,Amahuaca,-10,-72
Se9,ship1254,Shipibo-Conibo,-9,-74
Sf1,cusc1236,Inca,-13,-72
Sf2,cent2142,Aymara,-16,-69
Sf3,chac1249,Chachi,1,-79
Sf4,cent2150,U'wa,7,-72
Sf5,paez1247,Páez,3,-76
Sf6,chib1270,Muisca,5,-72
Ae2,mokp1239,Kpe,4.22,9.27
Sf7,ajyi1238,Asháninka,-8,-75
Sf8,yine1238,Piro,-12,-73
Sf9,uruu1244,Uru,-16,-69
Sg1,yama1264,Yahgan,-55.02,-68.98
Sg2,mapu1245,Mapuche,-39,-68
Sg3,onaa1245,Ona,-54,-69
Sg4,tehu1242,Tehuelche,-46,-70
Sg5,qawa1238,Alacaluf,-52,-74
Sh1,wich1264,Wichí,-24,-63
Sh2,tere1279,Terena,-21,-58
Ae20,ekon1238,Ekonda,-2,18
Sh3,abip1241,Abipón,-29,-61
Sh4,kadi1248,Kadiwéu,-22,-57
Sh5,iyow1239,Choroti,-22,-62
Sh6,cham1315,Chamacoco,-20,-59
Sh7,east2555,Guaraní,-20,-63
Sh8,toba1269,Toba,-25,-60
Sh9,leng1262,Lengua,-23,-59
Si1,boro1282,Bororo,-16,-55
Si10,kuik1246,Kuikuru,-13,-54
Si2,trum1247,Trumai,-12,-53
Ab13,tswa1253,Tswana,-24,27
Ae21,yela1238,Kela,-3,23
Si3,baka1277,Bacairi,-14,-55
Si4,sout2994,Nambikwara,-12,-59
Si5,kama1373,Kamayurá,-12,-54
Si6,guat1253,Guató,-19,-58
Si7,pare1272,Paresi,-15,-58
Si8,umot1240,Umotina,-15,-57
Si9,awet1244,Aweti,-12,-54
Sj1,kara1500,Carajá,-12,-50
Sj10,mbya1239,Cayua,-26,-54
Sj11,xava1240,Shavante,-14,-52
Ae22,kusu1252,Kutsu,-4,22
Sj2,xere1240,Sherente,-9,-48
Sj3,xokl1240,Aweikoma,-28,-50
Sj4,cane1242,Canela,-7,-45
Sj5,kren1239,Aimoré,-18,-42
Sj6,temb1276,Tenetehara,-3,-46
Sj7,apin1244,Apinaye,-6,-49
Sj8,tupi1273,Tupinambá,-8,-35
Sj9,kaya1330,Kayapo,-8,-52
Ae23,ngan1302,Lalia,-1,23
Ae24,long1393,Mongo,1,22
Ae25,tete1250,Tetela,-4,25
Ae26,poke1238,Topoke,0,24
Ae27,kele1255,Lokele,1,25
Ae28,ling1263,Ngala,1,18
Ae29,luse1252,Poto,2,22
Ae3,fang1246,Fang,1,11
Ab14,lobe1242,Lovedu,-24,31
Ae30,bila1255,Bira,1,29
Ae31,budu1250,Budu,2,28
Ae32,komo1260,Kumu,-1,27
Ae33,bali1274,Ndaka Babali,1,27
Ae34,bera1259,Plains Bira,1,30
Ae35,lomb1254,Rumbi,0,28
Ae36,mbes1238,Bombesa,1,23
Ae37,budz1238,Budja,3,23
Ae38,doko1244,Ndoko,2,21
Ae39,binj1250,Ngombe,2,20
Ab15,tswe1238,Pedi,-25,30
Ae4,nkun1238,Nkundo,0,20
Ae40,njye1238,Dzem,3,14
Ae41,ndas1238,Kota,1,14
Ae42,kwas1243,Ngumba,3,11
Ae43,bomw1238,Sanga,2,16
Ae44,bube1242,Bubi,3.54,8.72
Ae45,orok1266,Kundu,10,9
Ae46,myen1241,Mpongwe,-2,10
Ae47,bata1285,Puku,2,10
Ae48,bafi1243,Bafia,5,11
Ab16,leng1257,Lenge,-25,34
Ae49,mung1266,Bali Nyonga,6,10
Ae5,fefe1239,Bamileke,5,10
Ae50,bamu1253,Bamum,6,11
Ae51,tune1261,Banen,5,11
Ae52,mmen1238,Fungom,7,10
Ae53,bako1249,Koko,4,11
Ae54,komc1235,Kom,6,10
Ae55,band1349,Ndob,6,10
Ae56,lamn1239,Nsaw,6,11
Ae57,limb1268,Nsungli,6,11
Ab17,ndau1241,Ndau,-20,34
Ae58,tige1238,Tikar,6,12
Ae59,meta1238,Widikum,6,10
Ae6,luba1250,Luba,-8,26
Ae7,bwaa1238,Baboa,3,25
Ae8,rund1242,Rundi,-3,30
Ae9,bafu1246,Fut,6,10
Af1,fonn1241,Fon,7,2
Af10,nucl1417,Igbo,6,7
Af11,toma1245,Toma,11,-9
Af12,akye1239,Akyem,7,-1
Ab18,shon1251,Shona,-19,31
Af13,ebir1243,Ebira,8,7
Af14,sher1258,Sherbro,7.52,-12.69
Af15,libe1247,Kpelle,7,-9
Af16,keny1279,Banyang,6,9
Af17,boky1238,Boki,6,9
Af18,ejag1239,Ekoi,6,8
Af19,efik1245,Efik,5,8
Af2,nort2765,Kissi,9,-10
Af20,ibib1240,Ibibio,5,8
Af21,kala1381,Ijaw,4.37,6.58
Aa2,okie1245,Dorobo,0,36
Ab19,ndon1254,Ambo,-17,16
Af22,isek1239,Itsekiri,6,5
Af23,afik1238,Afikpo,6,8
Af24,bini1246,Edo,6,6
Af25,isok1239,Isoko,5,6
Af26,yekh1238,Kukuruku,7,6
Af27,eloy1241,Eloyi,8,8
Af28,gbar1246,Gbagyi,10,10
Af29,idom1241,Idoma,7,8
Af3,asan1239,Ashanti,7,-2
Af30,igal1242,Igala,7,7
Ab2,swat1243,Swazi,-27,32
Af31,ashe1269,Koro,18,8
Af32,egba1238,Egba,7,3
Af33,ekit1244,Ekiti,8,5
Af34,ifee1241,Ife,7,5
Af35,adan1247,Adangme,6,0
Af36,aguu1242,Ewe,7,1
Af37,siwu1238,Buem,7.22,0.46
Af38,abro1238,Abron,7.53,-2.15
Af39,anyi1245,Anyi,7,-4
Af4,loka1252,Yako,6,8
Ab20,nkhu1238,Ngumbi,-15,15
Af40,abur1243,Assini,5.27,-3.58
Af41,atti1239,Attie,6,-4
Af42,fant1241,Fante,6,-1
Af43,gaaa1244,Ga,6,0
Af44,alla1248,Alagya,5.22,-4.42
Af45,avik1243,Avikam,5.15,-5.25
Af46,bakw1243,Bakwe,5,-7
Af47,west2488,Krahn,6,-8
Af48,klao1243,Kru,5,-9
Af49,sapo1251,Sapo,6,-9
Ab21a,sama1300,Kisama,-10,14
Af5,mend1266,Mende,8,-11
Af50,gwee1242,Dan,8,8
Af51,gagu1242,Gagu,7,-6
Af52,guro1248,Guro,7,-6
Af53,tour1242,Tura,8,-7
Af54,band1352,Gbande,8,-10
Af55,gola1255,Gola,7,-11
Af56,dann1241,Ngere,7,-8
Af57,timn1235,Temne,8.46,-12.64
Af58,vaii1241,Vai,6.89,-11.2
Ab21b,bomv1238,Bomvana,-32,28
Af6,ilaa1245,Oyo Yoruba,8,4
Af7,dalo1238,Bete,6,-7
Af8,nupe1254,Nupe,9,6
Af9,baou1238,Baule,8,-5
Ag1,bamb1269,Bambara,13,-7
Ag10,konk1269,Konkomba,10,0
Ag11,lobi1245,Lobi,10,-4
Ag12,nank1249,Nankanse,10,-1
Ag13,kase1253,Kasena,11,-1
Ag14,mbul1258,Baga,10,-14
Ab22,copi1238,Chopi,-24.76,34.47
Ag15,bala1301,Balanta,12,-16
Ag16,bain1259,Banyun,12,-16
Ag17,biaf1240,Biafada,12,-15
Ag18,bidy1244,Bijogo,11.1,-16.15
Ag19,ejam1238,Diola,12.88,-16.19
Ag2,moss1236,Mossi (Yatenga),13,-2
Ag20,pape1239,Papel,12,-16
Ag21,bass1258,Bassari,12,-13
Ag22,sere1260,Serer,14,-12
Ag23,xaas1235,Kasonke,13,-11
Ab3,lozi1239,Lozi,-15,23
Ag24,kura1250,Koranko,9,-11
Ag25,soni1259,Soninke,15,10
Ag26,susu1250,Susu,15,-13
Ag27,dyul1238,Diula,9,-4
Ag28,jena1242,Nononke,14,-4
Ag29,sout2844,Samo,13,-3
Ag3,bank1259,Dogon,15,-3
Ag30,nort2819,Bobo,13,-4
Ag31,mama1271,Minianka,12,-6
Ag32,ceba1235,Senufo,10,-6
Ab4,tson1249,Tsonga,-24,32
Ag33,dyan1251,Dyan,11,-3
Ag34,dogo1295,Dorosie,11,-4
Ag35,boun1243,Kulango,7,-3
Ag36,sout2790,Lowiili,11,-3
Ag37,awun1244,Awuna,11,-2
Ag38,buli1254,Builsa,11,-2
Ag39,sout2789,Dagara,11,-3
Ag4,taln1239,Tallensi,11,-1
Ag40,tumu1242,Isala,10,-2
Ag41,kusa1250,Kusasi,11,0
Ab5,umbu1257,Mbundu,-12,16
Ag42,sout2795,Nunuma,12,-3
Ag43,vagl1239,Vagala,8,-2
Ag44,dagb1246,Dagomba,9,0
Ag45,gour1243,Gurma,12,2
Ag46,mamp1244,Manprusi,10,-1
Ag47,moss1236,Mossi (Ouagadougou),12,-2
Ag48,ntch1242,Basari,9,1
Ag49,kabi1261,Kabre,10,2
Ag5,sout2790,Birifor,10,-3
Ag50,moba1244,Moba,11,1
Ab6,vend1245,Venda,-23,30
Ag51,dita1238,Somba,11,1
Ag52,temm1241,Tem,11,1
Ag53,biss1248,Bisa,12,0
Ag54,yalu1240,Yalunka,10,-12
Ag6,pula1262,Futajalonke,11,-13
Ag7,tiey1235,Bozo,14,-5
Ag8,wame1240,Coniagui,13,-13
Ag9,kita1249,Malinke,11,-9
Ah1,kata1265,Katab,10,8
Ah10,atsa1241,Chawai,10,9
Aa3,nama1265,Nama,-26,18
Ab7,nyan1305,Nyaneka,-15,14
Ah11,basa1282,Basa,8,8
Ah12,basa1282,Basakomo,8,7
Ah13,clel1238,Dakakari,12,5
Ah14,cind1241,Kamuku,11,6
Ah15,resh1242,Reshe,11,5
Ah16,ngas1240,Angas,9,9
Ah17,bero1242,Birom,10,9
Ah18,bogh1241,Burmawa,10,10
Ah19,kada1284,Adara,10,8
Ah2,juku1254,Jukun,8,10
Ab8,sout2807,Sotho,-29,28
Ah20,kago1246,Kagoro,10,8
Ah21,kura1249,Kurama,10,9
Ah22,taro1263,Yergum,9,10
Ah23,jibu1239,Jibu,8,11
Ah24,etky1238,Kentu,7,10
Ah25,tigo1236,Tigon,17,11
Ah26,ndoo1241,Ndoro,7,11
Ah27,bita1251,Zuande,7,11
Ah28,samb1305,Chamba,8,11
Ah29,samb1311,Daka,8,11
Ab9,nort2795,Ndebele,-20,28
Ah3,tivv1240,Tiv,7,9
Ah30,long1389,Longuda,10,12
Ah31,nucl1240,Mumuye,9,12
Ah32,momj1237,Vere,9,13
Ah33,bena1260,Yungur,10,12
Ah34,bata1314,Bata,10,13
Ah35,bura1292,Bura,10,12
Ah36,gude1246,Gude,10,13
Ah37,hwan1240,Hwana,10,13
Ah38,psik1239,Kapsiki,11,14
Ac1,ilaa1246,Ila,-16,27
Ah39,park1239,Podokwo,11,14
Ah4,came1252,Mambila,7,12
Ah5,marg1265,Margi,11,13
Ah6,gbir1241,Gure,10,8
Ah7,mafa1239,Mafa,11,14
Ah8,vute1244,Bafute,6,12
Ah9,igut1238,Anaguta,10,9
Ai1,west2458,Banda,7,22
Ai10,otor1240,Otoro,12,31
Ai11,nucl1420,Mangbetu,3,28
Ac10,chew1246,Chewa,-14,33
Ai12,sout2782,Fali,10,14
Ai13,laka1254,Laka,8,16
Ai14,mbum1254,Mbum,7,14
Ai15,mund1325,Mundang,10,14
Ai16,doya1240,Namshi,9,13
Ai17,sout3051,Gisiga,10,14
Ai18,lagw1237,Kotoko,12,15
Ai19,musg1254,Musgu,11,15
Ai2,kooo1244,Nyaro,11,31
Ai20,tupu1244,Tupuri,10,15
Ac11,luva1239,Luvale,-12,22
Ai21,bagi1246,Bagirmi,11,17
Ai22,sarr1246,Sara,9,18
Ai23,ngba1284,Bwaka,3,19
Ai24,manz1243,Mandja,6,18
Ai25,mban1263,Mbandja,4,21
Ai26,nort2774,Ngbandi,4,22
Ai27,bara1361,Abarambo,4,27
Ai28,popo1291,Popoi,2,26
Ai29,lend1245,Lendu,2,30
Ai3,zand1248,Azande,5,27
Ac12,chok1245,Chokwe,-10,21
Ai30,lese1243,Lese,2,29
Ai31,logo1259,Logo,3,30
Ai32,lugb1240,Lugbara,3,32
Ai33,madi1260,Madi,4,32
Ai34,moru1253,Moru,5,30
Ai35,bong1285,Bongo,7,29
Ai36,luwo1239,Jur,8,28
Ai37,koal1240,Koalib,12,31
Ai38,kron1241,Korongo,10,30
Ai39,ngil1242,Mesakin,11,30
Ac13,tong1321,Tonga,-12,34
Ai4,gaam1241,Ingassana,11,34
Ai40,moro1285,Moro,11,30
Ai41,tira1254,Tira,11,30
Ai42,tuli1249,Tullishi,12,29
Ai43,amas1236,Nyimang,12,29
Ai44,anua1242,Anuak,8,34
Ai45,maba1273,Meban,10,34
Ai46,komo1258,Koma,9,35
Ai47,hozo1236,Mao,9,35
Ai5,mamv1243,Mamvu,3,29
Ac14,sans1272,Bakongo,-7,15
Ai6,shil1265,Shilluk,10,32
Ai7,nort2775,Gbaya,6,16
Ai8,dill1242,Dilling,12,30
Ai9,masa1322,Masa,10,16
Aj1,teso1249,Teso,2,34
Aj10,dhop1238,Acholi,3,32
Aj11,sout2832,Dinka,9,29
Aj12,otuh1238,Lotuko,4,33
Aj13,poju1239,Pojulu,4,31
Aj14,kakw1240,Kakwa,4,31
Ac15,mbal1257,Mbala,-5,18
Aj15,kuku1285,Kuku,4,32
Aj16,mand1425,Mondari,6,31
Aj17,alur1250,Alur,2,31
Aj18,meen1242,Bodi,5,35
Aj19,didi1258,Didinga,4,34
Aj2,masa1300,Maasi,-2,36
Aj20,suri1267,Suri,6,35
Aj21,jiee1239,Jie,3,34
Aj22,labw1238,Labwor,3,34
Aj23,east2420,Plains Suk,1,36
Aa4,dama1270,Bergdama,-22,16
Ac16,tsog1243,Mitsogho,-1,12
Aj24,topo1242,Toposa,5,34
Aj25,keiy1238,Keyu,0,36
Aj26,west2492,Hill Suk,1,36
Aj27,kups1238,Sapei,1,35
Aj28,dato1239,Tatoga,-5,35
Aj29,samb1315,Samburu,1,37
Aj3,nuer1246,Nuer,8,32
Aj30,nucl1430,Karamojong,2,34
Aj31,pari1256,Pari,5,33
Aj4,lang1324,Lango,2,33
Ac17,suku1259,Suku,-6,18
Aj5,turk1308,Turkana,4,35
Aj6,luok1236,Luo,-1,34
Aj7,nand1266,Nandi,0,35
Aj8,ligo1238,Bari,5,32
Aj9,kips1239,Kipsigis,-1,36
Ca1,kons1243,Konso,6,37
Ca10,nort3051,Esa,10,43
Ca11,bora1271,Arusi,8,40
Ca12,west2721,Gibe,8,37
Ca13,west2721,Macha,9,37
Ac18,koon1244,Sundi,-5,14
Ca14,burj1242,Burji,5,38
Ca15,gede1246,Darasa,6,38
Ca16,sida1246,Sidama,7,38
Ca17,tsam1247,Tsamai,5,37
Ca18,arbo1245,Arbore,5,37
Ca19,hame1242,Banna,6,36
Ca2,nort3051,Somali,8,48
Ca20,daas1238,Galab,5,36
Ca21,hame1242,Hamar,5,36
Ca22,male1284,Male,6,37
Ac19,teke1278,Teke,-3,15
Ca23,aari1239,Bako,6,37
Ca24,dime1235,Dime,6,36
Ca25,aari1239,Shangama,6,37
Ca26,aari1239,Ubamer,6,37
Ca27,anfi1235,Anfillo,9,35
Ca28,bask1236,Basketo,6,37
Ca29,toba1264,Yem,8,38
Ca3,tigr1271,Tigrinya,14,39
Ca30,kafa1242,Kafa,7,36
Ca31,qima1242,Beta Israel,12,37
Ac2,phen1239,Pende,-6,20
Ca32,nara1262,Nara,16,38
Ca33,kuna1268,Kunama,15,37
Ca34,abab1239,Ababda,24,34
Ca35,amar1281,Amarar,20,36
Ca36,mans1267,Beni-Amer,18,38
Ca37,bili1260,Blin,16,36
Ca38,mans1267,Tigre,17,39
Ca39,west2721,Jimma,8,37
Ca4,iraq1241,Iraqw,-4,35
Ca40,koor1239,Baditu,6,38
Ac20,yaka1269,Yaka,-7,17
Ca41,dorz1235,Dorse,6,38
Ca42,shek1245,Shako,7,36
Ca43,hade1248,Hadendowa,18,36
Ca5,bish1251,Bisharin,20,35
Ca6,afar1241,Afar,12,42
Ca7,amha1245,Amhara,13,38
Ca8,seba1251,Gurage,8,38
Ca9,goro1270,Goroa,-4,36
Cb1,kano1249,Maguzawa,12,10
Cb10,kare1348,Karekare,12,11
Ac21,mpuo1241,Bunda,-5,19
Cb11,mido1240,Midobi,16,27
Cb12,nort3133,Gimma,13,32
Cb13,nort3133,Habbaniya,11,25
Cb14,bath1248,Hemat,11,20
Cb15,tama1331,Messiria Humr,11,28
Cb16,char1283,Shuwa,13,15
Cb17,furr1244,Fur,12,24
Cb18,kane1243,Kanembu,14,14
Cb19,cent2050,Kanuri,12,13
Cb2,nucl1347,Wolof,15,-17
Ac22,ding1239,Dzing,-4,20
Cb20,zarm1239,Zerma,13,3
Cb21,adam1253,Djafun,8,13
Cb22,west2454,Liptako,14,0
Cb23,pula1263,Tukulor,14.73,-14.32
Cb24,boro1274,Wodaabe Fulani,12,12
Cb25,haus1257,Tazarawa,14,8
Cb26,araw1280,Zazzagawa Hausa,11,8
Cb27,baca1246,Bachama,10,12
Cb28,dera1248,Dera,10,12
Cb29,ngiz1242,Ngizim,12,10
Ac23,lele1265,Lele,-5,21
Cb3,koyr1242,Songhai,17,-1
Cb4,khar1296,Hasania,14,32
Cb5,budu1265,Buduma,13,15
Cb6,tera1251,Tera,11,12
Cb7,nucl1695,Bolewa,11,11
Cb8,boro1274,Bororo Fulani,13,5
Cb9,kano1249,Hausa Kanawa,12,9
Cc1,hass1238,Regeibat,22,-13
Cc10,taya1257,Asben,18,8
Cc11,ghat1242,Azjer,25,10
Ac24,saka1287,Sakata,-3,18
Cc12,tadh1242,Ifora,20,2
Cc13,timb1263,Udalan Tuareg,16,0
Cc14,daza1242,Daza,17,18
Cc15,susi1238,Drawa,31,-7
Cc16,algi1247,Chaambra,32,3
Cc17,hass1238,Delim,22,-15
Cc18,hass1238,Kunta,19,-1
Cc19,hass1238,Trarza,18,-15
Cc2,teda1241,Teda,21,17
Cc20,zena1248,Zenaga,18,-8
Aa5,bila1255,Mbuti,2,28
Ac25,song1299,Songo,-5,18
Cc3,siwi1239,Siwans,29,26
Cc4,tumz1238,Mzab,33,4
Cc5,timb1263,Kel Antessar,18,-3
Cc6,nort3133,Kababish,17,31
Cc7,hass1238,Barabish,20,-5
Cc8,ioul1238,Aulliminden,8,2
Cc9,hogg1238,Tuareg Ahaggar,23,6
Cd1,kenu1236,Barabra,23,33
Cd10,chen1266,Zekara,34,-2
Cd11,guan1277,Guanche,27.99,-15.62
Ac26,yans1239,Yanzi,-4,18
Cd12,algi1247,Algerians,31,2
Cd13,sout3114,Hamama,30,9
Cd14,oran1236,Hamyan,35,2
Cd15,jebl1238,Jebala,35,-5
Cd16,sout3117,Moroccans,33,-8
Cd17,cons1245,Nail,35,5
Cd18,said1239,Saadi,30,28
Cd19,sahi1245,Sahel,35,10.94
Cd2,egyp1253,Egyptians,25,33
Cd20,liby1240,Sanusi,31,22
Ac27,luch1239,Luchazi,-13,23
Cd21,tuni1260,Tunisians,37,10
Cd3,tari1263,Riffians,35,-4
Cd4,kaby1243,Kabyle,36,4
Cd5,susi1238,Shluh,30,-9
Cd6,egyp1246,Ancient Egyptians,30,31
Cd7,cent2194,Beraber,33,-7
Cd8,tach1249,Shawiya,36,7
Cd9,hass1238,Tekna,28,-11
Ce1,gheg1238,Gheg,42,20
Ce2,gali1257,Portuguese,42,-7
Ac28,luim1238,Luimbe,-12,18
Ce3,lati1261,Ancient Romans,42,12
Ce4,labo1236,French Basques,43,-1
Ce5,neap1235,Neapolitans,40.89,14.25
Ce6,stan1288,Spaniards,37,-6
Ce7,mode1248,Greeks,39,23
Ce8,west1508,Spanish Basques,43,-2
Cf1,stan1293,New Englanders,42,-73
Cf2,afri1274,Boers,-16,28
Cf3,stan1293,Tristan da Cunha,-37.11,-12.27
Cf4,braz1246,Brazilians,-23.68,-46.64
Ac29,sond1250,Luwa,-7,19
Cf5,queb1247,French Canadians,47,-72
Cg1,dutc1256,Dutch,53,7
Cg2,icel1247,Icelanders,64,-20
Cg3,iris1253,Irish,53,-9
Cg4,nort2671,Sami,68,22
Cg5,wall1255,Walloons,50,5
Ch1,serb1264,Serbs,44,20
Ch10,baya1255,Romanians,45,26
Ch11,russ1263,Russians,53,41
ch12,bash1264,Bashkir,54,56
Ac3,town1238,Bemba,-11,31
ch13,nort2676,Besermyan,58,52
ch14,chuv1255,Chuvash,57,53
ch15,erzy1239,Erzya Mordvins,53,50
ch16,esto1258,Estonians,59,26
ch17,gaga1249,Gagauz,45.44,29.32
ch18,ingr1248,Ingrians,59,29
ch19,livv1243,Karelians,64,33
Ch2,sout2604,Hutsuls,49,24
ch20,midd1325,Kazan tatar,55,50
ch21,latv1249,Latvians,57,24
Ac30,tong1318,Plateau Tonga,-18,28
ch22,kara1464,Lithuanian Karaim,55,23
ch23,west2405,Lithuanian Tatar,55,24
ch24,livv1244,Livs,57,23
ch25,mold1248,Moldovans,47,29
ch26,sout2681,Udmurt,57,53
ch27,veps1250,Veps,61,35
ch28,voti1245,Votes,59,29
Ch3,czec1258,Czechs,50,16
Ch4,east2328,Mari,43,46
Ch5,bulg1262,Bulgarians,43,24
Ac31,buyu1239,Buye,-7,28
Ch6,bela1254,Byelorussians,55,28
Ch7,east2270,Ukranians,48,36
Ch8,hung1274,Magyar,47,20
Ch9,lith1251,Lithuanians,55,24
Ci1,kalm1243,Kalmyk,46,46
Ci10,nucl1235,Armenians,40,45
Ci11,cent1972,Kurd,32,44
Ci12,abkh1244,Abkhaz,43,41
Ci2,xevs1238,Khevsur,43,45
Ci3,kumy1244,Kumyk,42,48
Ac32,kaon1241,Kaonde,-13,26
Ci4,kaba1278,Cherkess,44,42
Ci5,nucl1301,Turks,38,30
Ci6,osse1243,Ossetians,43,44
Ci7,chec1245,Chechen,43,46
Ci8,imer1248,Georgians,42,45
Ci9,svan1243,Svan,43,43
Cj1,nort3142,Syrians,36,36
Cj10,meso1252,Madan,31,47
Cj2,east2690,Rwala,33,37
Cj3,anci1244,Hebrews,32,35
Ac33,lala1264,Lala,-15,31
Cj4,akka1240,Babylonians,32,45
Cj5,sout3119,Mutair,28,47
Cj6,sout3123,Jordanians,32,36
Cj7,nort3139,Lebanese,34,36
Cj8,sunn1238,Druze,32.77,35.03
Cj9,sana1295,Yemeni,15,45
Ea1,sind1272,Sindhi,25,68
Ea10,east2304,Marri,30,69
Ea11,ghil1238,Ghilzai,33,68
Ea12,qash1240,Qashqui,30,52
Aa6,sand1273,Sandawe,-5,36
Ac34,luun1238,Luapula,-10,29
Ea13,west2386,Punjabi,32,73
Ea2,yusu1238,Yusufzai,35,72
Ea3,haza1239,Hazara,35,66
Ea4,indu1241,Kohistani,35,73
Ea5,kamv1242,Nuristani,36,71
Ea6,bass1257,Basseri,30,34
Ea7,mogh1245,Moghol,34,63
Ea8,bakh1245,Bakhtiari,33,48
Ea9,tehr1242,Iranians,36,52
Eb1,kaza1248,Kazakh,48,70
Ac35,luba1250,Shila,-10,28
Eb2,tuuu1240,Tu,39,100
Eb3,halh1238,Khalka,46,97
Eb4,daur1238,Dagur,49,125
Eb5,turk1304,Turkmen,38,62
Eb6,russ1264,Buryat,52,107
Eb7,peri1253,Chahar,41,115
Eb8,nort2690,Uzbek,43,60
Ec1,gily1242,Nivkh,53,142
Ec10,khan1273,Ob Ostyak,62,74
Ec11,selk1253,Selkup,59,90
Ac36,tumb1250,Tumbuka,-12,34
ec12,ngan1291,Nganasan,72,90
ec13,itel1242,Itelmen,54.98,161.79
ec14,cent2128,Ungazikmit,64,-173
ec15,mans1258,Mansi,63,62
ec16,even1259,Evenk,55,112
ec17,negi1245,Negidal,52,134
ec18,ulch1241,Ulch,50,136
ec19,orok1265,Orok,54.01,142.71
Ec2,yaku1245,Yakut,65,125
ec20,oroc1248,Oroch,51,138
Ac37,kund1255,Kunda,-15,32
ec21,udih1248,Udihe,47,136
Ec3,chuk1273,Chukchi,66,177
Ec4,nene1249,Yurak-Samoyeds,68,75
Ec5,kory1246,Koryak,61.99,164.24
Ec6,nort2745,Yukaghir,70,145
Ec7,ainu1240,Ainu,44,144
Ec8,kett1243,Ket,62,90
Ec9,nana1257,Nanai,47,132
Ed1,kore1280,Koreans,38.134147,126.960754
Ed10,mand1415,Shantung,37,118
Ac38,nucl1395,Nyanja,-16,36
Ed13,yaey1239,Ishigakians,24.46,124.14
Ed14,kimm1245,Man,22,105
Ed15a,miya1259,Miyakans,24.79,125.32
Ed15b,wuch1236,Chekiang,31,120
Ed16,yuec1235,Cantonese,23,113
Ed2,sich1238,Lolo,29,103
Ed3,manc1252,Manchu,45,126
Ed4,horn1235,Miao,26,107
Ed5,nucl1643,Japanese,35,136
Ed6,chao1239,Min Chinese,24,115
Ac39,mwer1247,Nyasa,-13,35
Ed7,cent2126,Okinawans,26.16,127.8
Ed8,cent2004,Minchia,26,100
Ed9,hlai1239,Li,19,109
Ee1,bori1243,Adi,28,95
Ee2,buru1296,Burusho,37,75
Ee3,lepc1244,Lepcha,28,89
Ee4,dbus1238,Central Tibetans,30,91
Ee5,shin1264,Shina,35,73
Ee6,sher1255,Sherpa,28,87
Ee7,kach1279,Kachari,27,90
Ac4,bush1247,Kuba,-5,22
Ee8,west2418,Magar,28,84
Ef1,sant1410,Santal,24,87
Ef10,mait1250,Bihari,25,86
Ef11,bhoj1244,Uttar Pradesh,26,83
Ef2,beng1280,Bengali,23,88
Ef3,sans1269,Indo-Iranian,30,75
Ef4,hooo1248,Ho,22,85
Ef5,bhil1251,Bhil,22,74
Ef6,kuru1302,Kurukh,23,85
Ef7,maha1287,Pahari,30,78
Ac40,nucl1396,Sena,-18,35
Ef8,kash1277,Kashmiri,34,75
Ef9,guja1252,Gujarati,20,77
Eg1,chen1255,Chenchu,16,79
Eg10,telu1262,Telugu,18,79
Eg11,koya1251,Koya,19,78
Eg12,kuii1252,Khond,18,82
Eg13,west2408,Muria Gond,20,81
Eg14,mukh1238,Reddi,18,82
Eg2,tami1289,Tamil,11,79
Eg3,mari1414,Madia,19,81
Ac41,mako1251,Makonde,-11,40
Eg4,toda1252,Toda,12,77
Eg5,koda1255,Kodavas,12,76
Eg6,mala1464,Kerala,11,76
Eg7,oriy1255,Hill Bhuiya,21,85
Eg8,mund1320,Kol,22,85
Eg9,chha1249,Baiga,22,81
Eh1,akab1249,Andamanese,12,93
Eh10,bets1235,Betsileo,-22,47
Eh2,meri1243,Merina,-19,46
Eh3,tana1285,Tanala,-22,47
Ac42,makh1264,Makua,-15,39
Eh4,vedd1240,Vedda,8,81
Eh5,carn1240,Nicobarese,9.17,92.77
Eh6,sinh1246,Sinhalese,7,80
Eh7,tand1256,Antandroy,-25,46
Eh8,saka1291,Sakalava,-21,43.93
Eh9,tesa1236,Antaisaka,-22.9,47.75
Ei1,garo1247,Garo,26,91
Ei10,chak1266,Chakma,23,92
Ei11,aimo1244,Aimol,25,94
Ei12,thad1238,Thado,25,94
Aa7,naro1249,Naron,-20,24
Ac43,mamb1296,Mambwe,9,32
Ei13,anga1288,Angami,26,94
Ei14,aona1235,Ao,27,94
Ei15,sout2732,Rengma,26,94
Ei16,sumi1235,Sema,26,95
Ei17,karb1241,Karbi,26,94
Ei18,shwe1236,Palaung,23,97
Ei19,asho1236,Chin,22,94
Ei2,loth1237,Lhota,27,94
Ei20,lush1249,Kuki,23,92
Ei3,nucl1310,Burmese,20,95
Ac5,lamb1271,Lamba,-13,28
Ei4,mara1382,Maras,22,93
Ei5,kach1280,Kachin,26,97
Ei6,puru1266,Purum,25,94
Ei7,pwow1235,Karen,17.12,97.19
Ei8,khas1269,Khasi,26,92
Ei9,rakh1245,Mogh,20.49,92.64
Ej1,lame1256,Lamet,20,101
Ej10,rade1240,Rade,13,108
Ej11,east2563,Cham,11,108
Ej12,west2396,Lawa,18,98
Ac6,lund1266,Ndembu,-11,26
Ej13,muon1246,Muong,21,105
Ej14,sema1266,Senoi,4,102
Ej15,oldk1249,Ancient Khmer,13,104
Ej16,nege1240,Negri Sembilan,2.58,102.25
Ej2,east2333,Mnong Gar,12,107
Ej3,kens1248,Semang,5,101
Ej4,viet1252,Annamese,17,107
Ej5,cent1989,Khmer,12,105
Ej6,moke1242,Moken,11.78,98.28
Ej7,akha1245,Akha,21,100
Ac7,yaoo1241,Yao,-13,36
Ej8,mala1479,Malays,5,103
Ej9,thai1261,Thai,15,100
Ia1,atay1247,Atayal,24,121
Ia10,bunu1267,Bunun,24,121
Ia11,puyu1239,Puyuma,23,121
Ia12,cebu1242,Sugbuanon,10.2,123.65
Ia13,sout2918,Badjau Tawi-Tawi,5.09,119.97
Ia14,yami1254,Tao,22.05,121.55
Ia15,agus1235,Manobo,8,126
Ia16,lubu1243,Kalinga,18,121
Ac8,yomb1244,Yombe,-5,13
Ia17,koro1310,Bilaan,6,125
Ia18,akla1241,Bisayan,10,123
Ia2,nort2877,Sagada,17,121
Ia3,tuwa1243,Ifugao,17,121
Ia4,cent2089,Subanun,8,123
Ia5,hanu1241,Hanunoo,13,121
Ia6,paiw1248,Paiwan,22.44,120.77
Ia7,tagb1258,Tagbanua,10,119
Ia8,cent2292,Bontok,17,121
Ia9,amis1246,Ami,22.7,121.05
Ac9,ngon1269,Ngoni,-12,33
Ib1,iban1264,Iban,2,112
Ib2,java1254,Javanese,-7,110
Ib3,bali1278,Balinese,-8.18,115.02
Ib4,bata1289,Toba Batak,2,99
Ib5,cent2100,Kadazan-Dusun,6,117
Ib6,mina1268,Minangkabau,-1,101
Ib7,ment1249,Mentaweians,-2.93,100.23
Ib8,kubu1239,Anak Dalam,-3,103
Ib9,puna1275,Punan,3,115
Ic1,maka1311,Macassarese,-5.31,119.69
Ad1,baju1245,Bajuni,-2,41
Ic10,tobe1252,Tobelorese,1,128
Ic11,ambo1250,Ambonese,-3.71,128.18
Ic12,sumb1241,Sumbawanese,-8.63,117.27
Ic13,kodi1247,Kodi,-9.66,119.07
Ic2,abui1241,Alorese,-8.22,124.26
Ic3,tetu1245,Belu,-9,126
Ic4,term1237,Rotinese,-10.71,123.18
Ic5,pamo1252,Toradja,-2,121
Ic6,sela1259,Tanimbarese,-8.19,130.96
Ic7,lama1277,Ili-Mandiri,-8.33,122.85
Ad10,sham1280,Shambaa,-5,38
Ic8,keii1239,Kei,-5.58,133.07
Ic9,kamb1299,Sumbanese,-10,120
Id1,east2379,Northern Aranda,-24,134
Id10,warl1254,Walbiri,-22,132
Id11,gunn1248,Gidjingali,-12.29,134.32
Id12,jirj1239,Yir Yoront,-15,142
Id13,anin1240,Anindilyagwa,-13.99,136.6
Id2,dhuw1249,"Yolngu, Dhuwal",-12.48,135.96
Id3,tiwi1244,Tiwi,-11.56,130.81
Id4,dier1241,Diyari,-28,138
Ad11,bena1262,Bena,-9,36
Id5,kari1304,Kariyarra,-21,118
Id6,wikm1247,Wikmunkan,-14,142
Id7,murr1258,Murriny Patha,-14,130
Id8,port1278,Tasmanians (northwestern),-42,146
Id9,wang1291,Ngiyambaa,-32,146
Ie1,ekar1243,Mee,-4,136
Ie10,motu1246,Motu,-9,147
Ie11,umbu1258,Kakoli,-6,144
Ie12,kwom1262,Kwoma,-4,142
Ie13,sout2949,Kiwai,-9,143
Ad12,gusi1247,Gusii,-1,35
Ie14,meri1244,Miriam,-9.91,144.06
Ie15,ambu1247,Abelam,-3.79,143.09
Ie16,foii1241,Kutubu,-6,143
Ie17,sian1257,Siane,-6,145
Ie18,kima1246,Kimam,-7.52,138.46
Ie19,nucl1622,Marind-Amin,-8,139
Ie2,want1252,Wantoat,-6.15,146.53
Ie20,koit1244,Koita,-9,147
Ie21,mail1248,Mailu,-10,149
Ie22,meke1243,Mekeo,-9,147
Aa8,xamm1241,/Xam,-30,23
Ad13,chig1238,Kiga,-3,30
Ie23,sout2940,Muju,-6,141
Ie24,gras1249,Koiari,-9,148
Ie25,fuyu1242,Mafulu,-8,147
Ie26,adze1240,Ngarawapum,-6,146
Ie27,bana1292,Banaro,-4.56,144.34
Ie28,buga1250,Busama,-6.69,147.26
Ie29,mana1295,Manam,-4.08,145.03
Ie3,buki1249,Arapesh,-4,144
Ie30,kamo1255,Mimika,-4,135
Ie31,fore1270,Fore,-6,145
Ad14,lugu1238,Luguru,-8,38
Ie32,sioo1240,Sio,-6,147
Ie33,nucl1595,Soromadja,-2,138
Ie34,bong1287,Bgu,-2.34,139.6
Ie35,iatm1242,Iatmul,-4,143
Ie36,sama1240,Samarokena,-3,140
Ie37,ngal1298,Star Mountain,-5,141
Ie38,midg1235,Dani,-4,139
Ie39,orok1267,Elema,-7.82,145.31
Ie4,woge1237,Wogeo,-3.24,144.1
Ie5,namb1293,Keraki,-9,142
Ad15,nyam1275,Iwa,-10,32
Ie6,waro1242,Waropen,-2.14,137.23
Ie7,enga1252,Enga,-6,144
Ie8,pura1257,Purari,-7,145
Ie9,orok1269,Orokaiva,-9,148
If1,pala1344,Palauans,7.45,134.54
If10,mort1237,Nomoians,6.89,152.74
If11,kosr1238,Kosraeans,5.31,162.98
If12,rali1241,Bikinians,11.7,165.29
If13,naur1243,Nauruans,-0.53,166.92
If14,bana1287,Makin,3.38,172.99
Ad16,ngon1268,Ngonde,-10,34
If15,caro1242,Carolinians,15.21,145.76
If16,lamo1243,Lamotrek,7.46,146.38
If17,rali1241,Marshallese - Jaluit atoll,6.28,169.49
If2,chuu1238,Trukese,7.34,151.6
If3,rata1243,Majuro,7.09,171.13
If4,nucl1479,Ifaluk,7.25,144.46
If5,pohn1238,Ponapeans,6.88,158.22
If6,yape1248,Yapese,9.55,138.13
If7,nuii1237,Gilbert Onotoa,-1.47,175.06
If8,cham1312,Chamorro,15.13,145.71
Ad17,safw1238,Safwa,-8,33
If9,ulit1238,Ulithians,10.02,139.79
Ig1,siwa1245,Siuai,-6,155
Ig10,lele1270,Usiai,-2,147
Ig11,yele1255,Rossel Islanders,-11.36,154.14
Ig12,vagh1249,Choiseulese,-6.69,156.52
Ig13,wuvu1239,Aua,-1.74,142.85
Ig14,suau1242,Dahuni,-10.41,149.91
Ig15,bola1250,Bakovi,-5.42,150.05
Ig16,bwai1242,Bwaidoga,-9.44,150.33
Ig17,mudu1242,Kombe,-4.67,149.53
Ad18,bend1258,Bende,-7,31
Ig18,kwai1243,Kwaio,-9,161
Ig19,moli1248,Molima,-10,151
Ig2,kili1267,Trobriands,-8.43,151.09
Ig20,long1395,Kaoka,-9.49,159.82
Ig21,tang1355,Tangu,-3.38,153.31
Ig3,tinp1237,Kurtatchi,-5.6,154.91
Ig4,nots1237,Lesu,-3.06,151.66
Ig5,dobu1241,Dobuans,-10,151
Ig6,saaa1240,Ulawans,-9.63,161.44
Ig7,naka1262,Lakalai,-5.5,150.81
Ad19,fipa1238,Fipa,-8,31
Ig8,simb1256,Simboese,-8,157
Ig9,tita1241,Manus,-2,147
Ih1,mota1237,Mota,-13.84,167.7
Ih10,sout2869,Tannese,-19.6,169.44
Ih11,lame1260,Epi,-16.61,168.17
Ih12,siee1239,Eromangans,-18.85,169.16
Ih13,nort2839,Ranon,-16.18,168.15
Ih14,bauu1243,Mbau Fijians,-17.81,178.32
Ih2,sout2857,Seniang,-16.51,167.47
Ih3,saaa1241,Bunlap,-15.95,168.22
Ad2,nyor1246,Nyoro,2,32
Ih4,laua1243,Lau,-17.74,-179.31
Ih5,ajie1238,Ajie,-21.37,165.47
Ih6,rotu1241,Rotumans,-12.5,177.07
Ih7,dehu1237,Lifu,-20.94,167.23
Ih8,nort2843,Vanua Levu,-17.81,178.32
Ih9,natu1246,Santa Cruz Islanders,-10.73,165.85
Ii1,samo1305,American Samoans,-13.68,-172.41
Ii10,renn1242,Rennell Islanders,-11.74,160.42
Ii12,tong1325,Tongans,-19.74,-175.07
Ii13,wall1257,Uveans,-13.28,-176.17
Ad20,nyam1276,Nyamwezi,-5,33
Ii14,samo1305,Upolu Samoans,-13.94,-171.77
Ii2,tiko1237,Tikopia,-12.29,168.83
Ii3,puka1242,Pukapukans,-10.89,-165.84
Ii4,tuva1244,Ellice,-7.48,178.68
Ii5,onto1237,Ontong Java,-5.48,159.7
Ii6,toke1240,Tokelau,-9.2,-171.85
Ii7,kapi1249,Kapingamarangi,1.09,154.8
Ii8,east2447,Futunans,-14.31,-178.11
Ii9,niue1239,Niueans,-19.05,-169.86
Ij1,raro1241,Mangaians,-21.93,-157.91
Ad21,pimb1238,Pimbwe,-7,31
Ij10,penr1237,Tongarevans,-9.02,-158.03
Ij2,maor1246,Māori,-38.41,176.31
Ij3,nort2845,Marquesans,-8.9,-140.08
Ij4,raka1237,Manihikians,-10.41,-160.98
Ij5,tuam1242,Raroians,-15.94,-142.31
Ij6,hawa1245,Hawaiians,19.89,-155.83
Ij7,mang1401,Mangarevans,-23.12,-134.97
Ij8,tahi1242,Tahitians,-17.71,-149.54
Ij9,rapa1244,Easter Islanders,-27.12,-109.36
Aa9,hadz1240,Hadza,-3,35
Ad22,suku1261,Sukuma,-3,34
Ad23,sang1330,Sangu,-8,34
Ad24,gogo1263,Gogo,-7,36
Ad25,lang1320,Rangi,-5,36
Ad26,nyat1246,Turu,-5,34
Ad27,kwer1261,Kwere,-7,39
Ad28,zigu1242,Zigula,-5.84,38.79
Ad29,pemb1239,Hadimu,-6.07,39.43
Ad3,moch1256,Chagga,-3,37
Ad30,digo1243,Digo,-4,39
Nd26,sout2967,Wadatkuht,41,-120
Nd39,west2622,Spring Valley Shoshoni,40,-115
